dist,utk,cifar
0.1,0.35352203,0.49257416
0.2,0.43679062,0.4443259
0.3,0.46546146,0.38721913
0.4,0.5483438,0.44166616
0.5,0.5037699,0.55614793
0.6,0.62993,0.51741445
0.7,0.5704039,0.55913275
0.8,0.5621096,0.59453094
0.9,0.5552361,0.6214567
