dist,utk,cifar
0.1,0.2171048,0.4033655
0.2,0.39647466,0.37918335
0.3,0.43264553,0.31567606
0.4,0.5086861,0.34060407
0.5,0.6417023,0.5594542
0.6,0.65121025,0.6054402
0.7,0.6485276,0.6565243
0.8,0.64777493,0.7297167
0.9,0.6840783,0.71805906
